row_id,item_kind,model_or_repo,provider,owner,repo_or_model,normalized_root,all_urls,source_origin,source_files,category_or_type,download_hint,notes,context_preview
1,repo/model,EEGPT,GitHub,BINE022,EEGPT,https://github.com/BINE022/EEGPT,https://github.com/BINE022/EEGPT,Manual search | Claude,comprehensive_repo_model_links_no_linkedin.csv | eno_master_sources.md,GitHub repository,"Open GitHub/Hugging Face and clone, download ZIP, or use git-lfs for model weights where relevant.",Extracted from Claude master sources | From earlier manual/source-dump repo/model list,"https://neurips.cc/virtual/2024/poster/93793 https://github.com/BINE022/EEGPT | - **EEGPT (Wang et al., NeurIPS 2024)** — EEG FM, **Apache-2.0**. **[REF, commercial-OK]** https://openreview.net/forum?id=lvS2b8CjG5 · https://github.com/BINE022/EEGPT"
2,repo/model,neural-signals-101,GitHub,ChiShengChen,neural-signals-101,https://github.com/ChiShengChen/neural-signals-101,https://github.com/ChiShengChen/neural-signals-101,Manual search | Claude,comprehensive_repo_model_links_no_linkedin.csv | eno_master_sources.md,GitHub repository,"Open GitHub/Hugging Face and clone, download ZIP, or use git-lfs for model weights where relevant.",Extracted from Claude master sources | From earlier manual/source-dump repo/model list,#EEG #BrainComputerInterface #MachineLearning #SignalProcessing #OpenSource #Neurotechnology https://github.com/ChiShengChen/neural-signals-101 https://www.cell.com/neuron/issue?pii=S0896-6273(25)X0012-X | - **neural-signals-101** (MIT; leakage-safe EEG-ML curriculum) — https://github.com/ChiShengChen/neural-signals-101
3,repo/model,clinician-decon,GitHub,dochobbs,clinician-decon,https://github.com/dochobbs/clinician-decon,https://github.com/dochobbs/clinician-decon,Manual search,comprehensive_repo_model_links_no_linkedin.csv,GitHub repository,"Open GitHub/Hugging Face and clone, download ZIP, or use git-lfs for model weights where relevant.",From earlier manual/source-dump repo/model list,https://github.com/dochobbs/clinician-decon
4,repo/model,brain2qwerty,GitHub,facebookresearch,brain2qwerty,https://github.com/facebookresearch/brain2qwerty,https://github.com/facebookresearch/brain2qwerty,Manual search,comprehensive_repo_model_links_no_linkedin.csv,GitHub repository,"Open GitHub/Hugging Face and clone, download ZIP, or use git-lfs for model weights where relevant.",From earlier manual/source-dump repo/model list,https://github.com/facebookresearch/brain2qwerty
5,repo/model,dance,GitHub,facebookresearch,dance,https://github.com/facebookresearch/dance,https://github.com/facebookresearch/dance,Manual search,comprehensive_repo_model_links_no_linkedin.csv,GitHub repository,"Open GitHub/Hugging Face and clone, download ZIP, or use git-lfs for model weights where relevant.",From earlier manual/source-dump repo/model list,https://github.com/facebookresearch/dance
6,repo/model,neuroai,GitHub,facebookresearch,neuroai,https://github.com/facebookresearch/neuroai,https://github.com/facebookresearch/neuroai/tree/main/neuralbench-repo,Manual search,comprehensive_repo_model_links_no_linkedin.csv,GitHub repo subpath,"Open GitHub/Hugging Face and clone, download ZIP, or use git-lfs for model weights where relevant.",From earlier manual/source-dump repo/model list,https://github.com/facebookresearch/neuroai/tree/main/neuralbench-repo
7,repo/model,tribev2,GitHub,facebookresearch,tribev2,https://github.com/facebookresearch/tribev2,https://github.com/facebookresearch/tribev2,Manual search | Claude,comprehensive_repo_model_links_no_linkedin.csv | eno_master_sources.md,GitHub repository,"Open GitHub/Hugging Face and clone, download ZIP, or use git-lfs for model weights where relevant.",Extracted from Claude master sources | From earlier manual/source-dump repo/model list,"https://github.com/facebookresearch/tribev2 | - **Meta TRIBE v2 (2026)** — fMRI foundation model, **CC-BY-NC**. **[REF, non-commercial]** https://arxiv.org/abs/2605.04326 · https://github.com/facebookresearch/tribev2 · https://ai.meta.com/blog/tribe-v2-brain-predictive-foundation-model/"
8,repo/model,LPFC_F-TRACT,GitHub,ins-amu,LPFC_F-TRACT,https://github.com/ins-amu/LPFC_F-TRACT,https://github.com/ins-amu/LPFC_F-TRACT,Manual search,comprehensive_repo_model_links_no_linkedin.csv,GitHub repository,"Open GitHub/Hugging Face and clone, download ZIP, or use git-lfs for model weights where relevant.",From earlier manual/source-dump repo/model list,https://github.com/ins-amu/LPFC_F-TRACT
9,repo/model,CELM,GitHub,Jathurshan0330,CELM,https://github.com/Jathurshan0330/CELM,https://github.com/Jathurshan0330/CELM,Manual search,comprehensive_repo_model_links_no_linkedin.csv,GitHub repository,"Open GitHub/Hugging Face and clone, download ZIP, or use git-lfs for model weights where relevant.",From earlier manual/source-dump repo/model list,https://github.com/Jathurshan0330/CELM
10,repo/model,fmscope,GitHub,Jimmy110101013,fmscope,https://github.com/Jimmy110101013/fmscope,https://github.com/Jimmy110101013/fmscope,Manual search,comprehensive_repo_model_links_no_linkedin.csv,GitHub repository,"Open GitHub/Hugging Face and clone, download ZIP, or use git-lfs for model weights where relevant.",From earlier manual/source-dump repo/model list,https://github.com/Jimmy110101013/fmscope
11,repo/model,llm-council,GitHub,karpathy,llm-council,https://github.com/karpathy/llm-council,https://github.com/karpathy/llm-council,Manual search,comprehensive_repo_model_links_no_linkedin.csv,GitHub repository,"Open GitHub/Hugging Face and clone, download ZIP, or use git-lfs for model weights where relevant.",From earlier manual/source-dump repo/model list,https://github.com/karpathy/llm-council
12,repo/model,NeuroRVQ,GitHub,KonstantinosBarmpas,NeuroRVQ,https://github.com/KonstantinosBarmpas/NeuroRVQ,https://github.com/KonstantinosBarmpas/NeuroRVQ,Manual search,comprehensive_repo_model_links_no_linkedin.csv,GitHub repository,"Open GitHub/Hugging Face and clone, download ZIP, or use git-lfs for model weights where relevant.",From earlier manual/source-dump repo/model list,https://github.com/KonstantinosBarmpas/NeuroRVQ
13,repo/model,claude-subconscious,GitHub,letta-ai,claude-subconscious,https://github.com/letta-ai/claude-subconscious,https://github.com/letta-ai/claude-subconscious,Manual search,comprehensive_repo_model_links_no_linkedin.csv,GitHub repository,"Open GitHub/Hugging Face and clone, download ZIP, or use git-lfs for model weights where relevant.",From earlier manual/source-dump repo/model list,https://github.com/letta-ai/claude-subconscious
14,repo/model,CortexPlot.jl,GitHub,Marco-Congedo,CortexPlot.jl,https://github.com/Marco-Congedo/CortexPlot.jl,https://github.com/Marco-Congedo/CortexPlot.jl,Manual search,comprehensive_repo_model_links_no_linkedin.csv,GitHub repository,"Open GitHub/Hugging Face and clone, download ZIP, or use git-lfs for model weights where relevant.",From earlier manual/source-dump repo/model list,https://github.com/Marco-Congedo/CortexPlot.jl
15,repo/model,me-ica,GitHub,ME-ICA,me-ica,https://github.com/ME-ICA/me-ica,https://github.com/ME-ICA/me-ica,Manual search,comprehensive_repo_model_links_no_linkedin.csv,GitHub repository,"Open GitHub/Hugging Face and clone, download ZIP, or use git-lfs for model weights where relevant.",From earlier manual/source-dump repo/model list,https://github.com/ME-ICA/me-ica
16,repo/model,Brainmarks,GitHub,MedARC-AI,Brainmarks,https://github.com/MedARC-AI/Brainmarks,https://github.com/MedARC-AI/Brainmarks,Manual search,comprehensive_repo_model_links_no_linkedin.csv,GitHub repository,"Open GitHub/Hugging Face and clone, download ZIP, or use git-lfs for model weights where relevant.",From earlier manual/source-dump repo/model list,https://sophont.med/blog/cortexmae/ https://arxiv.org/abs/2510.13768 https://github.com/MedARC-AI/CortexMAE https://huggingface.co/medarc/CortexMAE https://github.com/MedARC-AI/Brainmarks
17,repo/model,CortexMAE,GitHub,MedARC-AI,CortexMAE,https://github.com/MedARC-AI/CortexMAE,https://github.com/MedARC-AI/CortexMAE,Manual search,comprehensive_repo_model_links_no_linkedin.csv,GitHub repository,"Open GitHub/Hugging Face and clone, download ZIP, or use git-lfs for model weights where relevant.",From earlier manual/source-dump repo/model list,https://sophont.med/blog/cortexmae/ https://arxiv.org/abs/2510.13768 https://github.com/MedARC-AI/CortexMAE https://huggingface.co/medarc/CortexMAE https://github.com/MedARC-AI/Brainmarks
18,repo/model,tms-eeg-step-filtering-artifacts,GitHub,nigelrogasch,tms-eeg-step-filtering-artifacts,https://github.com/nigelrogasch/tms-eeg-step-filtering-artifacts,https://github.com/nigelrogasch/tms-eeg-step-filtering-artifacts,Manual search,comprehensive_repo_model_links_no_linkedin.csv,GitHub repository,"Open GitHub/Hugging Face and clone, download ZIP, or use git-lfs for model weights where relevant.",From earlier manual/source-dump repo/model list,https://github.com/nigelrogasch/tms-eeg-step-filtering-artifacts
19,repo/model,ironbci,GitHub,pieeg-club,ironbci,https://github.com/pieeg-club/ironbci,https://github.com/pieeg-club/ironbci/tree/master/mobile_app,Manual search,comprehensive_repo_model_links_no_linkedin.csv,GitHub repo subpath,"Open GitHub/Hugging Face and clone, download ZIP, or use git-lfs for model weights where relevant.",From earlier manual/source-dump repo/model list,https://github.com/pieeg-club/ironbci/tree/master/mobile_app https://www.pieeg.com/ https://github.com/pieeg-club/PiEEG-server
20,repo/model,PiEEG-16,GitHub,pieeg-club,PiEEG-16,https://github.com/pieeg-club/PiEEG-16,https://github.com/pieeg-club/PiEEG-16/tree/main/ML_Application/openclaw,Manual search,comprehensive_repo_model_links_no_linkedin.csv,GitHub repo subpath,"Open GitHub/Hugging Face and clone, download ZIP, or use git-lfs for model weights where relevant.",From earlier manual/source-dump repo/model list,https://github.com/pieeg-club/PiEEG-16/tree/main/ML_Application/openclaw
21,repo/model,PiEEG-agent,GitHub,pieeg-club,PiEEG-agent,https://github.com/pieeg-club/PiEEG-agent,https://github.com/pieeg-club/PiEEG-agent,Manual search | Claude,comprehensive_repo_model_links_no_linkedin.csv | eno_master_sources.md,GitHub repository,"Open GitHub/Hugging Face and clone, download ZIP, or use git-lfs for model weights where relevant.",Extracted from Claude master sources | From earlier manual/source-dump repo/model list,"https://www.kickstarter.com/projects/42415505/pieeg-xr-neural-face-interface-for-spatial-computing https://www.pieeg.com/hardware https://docs.pieeg.com/ https://github.com/pieeg-club/PiEEG-agent https://www.youtube.com/watch?v=-rpmChKZnUA | - **PiEEG-agent** (conversational LLM over live EEG; **CC-BY-NC**, pattern-only) — https://github.com/pieeg-club/PiEEG-agent"
22,repo/model,PiEEG-server,GitHub,pieeg-club,PiEEG-server,https://github.com/pieeg-club/PiEEG-server,https://github.com/pieeg-club/PiEEG-server,Manual search,comprehensive_repo_model_links_no_linkedin.csv,GitHub repository,"Open GitHub/Hugging Face and clone, download ZIP, or use git-lfs for model weights where relevant.",From earlier manual/source-dump repo/model list,https://github.com/pieeg-club/ironbci/tree/master/mobile_app https://www.pieeg.com/ https://github.com/pieeg-club/PiEEG-server
23,repo/model,vault-ld,GitHub,The-Knowledge-Graph-Guys,vault-ld,https://github.com/The-Knowledge-Graph-Guys/vault-ld,https://github.com/The-Knowledge-Graph-Guys/vault-ld,Manual search,comprehensive_repo_model_links_no_linkedin.csv,GitHub repository,"Open GitHub/Hugging Face and clone, download ZIP, or use git-lfs for model weights where relevant.",From earlier manual/source-dump repo/model list,https://github.com/The-Knowledge-Graph-Guys/vault-ld
24,repo/model,EEGFrontier,GitHub,TheusHen,EEGFrontier,https://github.com/TheusHen/EEGFrontier,https://github.com/TheusHen/EEGFrontier,Manual search,comprehensive_repo_model_links_no_linkedin.csv,GitHub repository,"Open GitHub/Hugging Face and clone, download ZIP, or use git-lfs for model weights where relevant.",From earlier manual/source-dump repo/model list,https://github.com/TheusHen/EEGFrontier
25,repo/model,OSF-Open-Sleep-FM,GitHub,yang-ai-lab,OSF-Open-Sleep-FM,https://github.com/yang-ai-lab/OSF-Open-Sleep-FM,https://github.com/yang-ai-lab/OSF-Open-Sleep-FM,Manual search,comprehensive_repo_model_links_no_linkedin.csv,GitHub repository,"Open GitHub/Hugging Face and clone, download ZIP, or use git-lfs for model weights where relevant.",From earlier manual/source-dump repo/model list,https://github.com/yang-ai-lab/OSF-Open-Sleep-FM
26,repo/model,SleepLM,GitHub,yang-ai-lab,SleepLM,https://github.com/yang-ai-lab/SleepLM,https://github.com/yang-ai-lab/SleepLM,Manual search,comprehensive_repo_model_links_no_linkedin.csv,GitHub repository,"Open GitHub/Hugging Face and clone, download ZIP, or use git-lfs for model weights where relevant.",From earlier manual/source-dump repo/model list,https://github.com/yang-ai-lab/SleepLM
27,repo/model,SpanishBCBL,Hugging Face,bcbl190626,SpanishBCBL,https://huggingface.co/datasets/bcbl190626/SpanishBCBL,https://huggingface.co/datasets/bcbl190626/SpanishBCBL,Manual search,comprehensive_repo_model_links_no_linkedin.csv,Hugging Face dataset repository,"Open GitHub/Hugging Face and clone, download ZIP, or use git-lfs for model weights where relevant.",From earlier manual/source-dump repo/model list,https://huggingface.co/datasets/bcbl190626/SpanishBCBL
28,repo/model,CortexMAE,Hugging Face,medarc,CortexMAE,https://huggingface.co/medarc/CortexMAE,https://huggingface.co/medarc/CortexMAE,Manual search,comprehensive_repo_model_links_no_linkedin.csv,Hugging Face model repository,"Open GitHub/Hugging Face and clone, download ZIP, or use git-lfs for model weights where relevant.",From earlier manual/source-dump repo/model list,https://sophont.med/blog/cortexmae/ https://arxiv.org/abs/2510.13768 https://github.com/MedARC-AI/CortexMAE https://huggingface.co/medarc/CortexMAE https://github.com/MedARC-AI/Brainmarks
29,repo/model,medictron-7B,Hugging Face,nikitaredy,medictron-7B,https://huggingface.co/nikitaredy/medictron-7B,https://huggingface.co/nikitaredy/medictron-7B,Manual search,comprehensive_repo_model_links_no_linkedin.csv,Hugging Face model repository,"Open GitHub/Hugging Face and clone, download ZIP, or use git-lfs for model weights where relevant.",From earlier manual/source-dump repo/model list,🤗 Model on Hugging Face: https://lnkd.in/gn4KGfNE https://huggingface.co/nikitaredy/medictron-7B
30,repo/model,NeuroRVQ,Hugging Face,ntinosbarmpas,NeuroRVQ,https://huggingface.co/ntinosbarmpas/NeuroRVQ,https://huggingface.co/ntinosbarmpas/NeuroRVQ,Manual search,comprehensive_repo_model_links_no_linkedin.csv,Hugging Face model repository,"Open GitHub/Hugging Face and clone, download ZIP, or use git-lfs for model weights where relevant.",From earlier manual/source-dump repo/model list,https://huggingface.co/ntinosbarmpas/NeuroRVQ
31,repo/model,OpenMed-PII-SuperClinical-Large-434M-v1,Hugging Face,OpenMed,OpenMed-PII-SuperClinical-Large-434M-v1,https://huggingface.co/OpenMed/OpenMed-PII-SuperClinical-Large-434M-v1,https://huggingface.co/OpenMed/OpenMed-PII-SuperClinical-Large-434M-v1,Manual search,comprehensive_repo_model_links_no_linkedin.csv,Hugging Face model repository,"Open GitHub/Hugging Face and clone, download ZIP, or use git-lfs for model weights where relevant.",From earlier manual/source-dump repo/model list,https://huggingface.co/OpenMed/OpenMed-PII-SuperClinical-Large-434M-v1
32,repo/model,OSF-Base,Hugging Face,yang-ai-lab,OSF-Base,https://huggingface.co/yang-ai-lab/OSF-Base,https://huggingface.co/yang-ai-lab/OSF-Base,Manual search,comprehensive_repo_model_links_no_linkedin.csv,Hugging Face model repository,"Open GitHub/Hugging Face and clone, download ZIP, or use git-lfs for model weights where relevant.",From earlier manual/source-dump repo/model list,https://huggingface.co/yang-ai-lab/OSF-Base
33,repo/model,SleepLM-Base,Hugging Face,yang-ai-lab,SleepLM-Base,https://huggingface.co/yang-ai-lab/SleepLM-Base,https://huggingface.co/yang-ai-lab/SleepLM-Base,Manual search,comprehensive_repo_model_links_no_linkedin.csv,Hugging Face model repository,"Open GitHub/Hugging Face and clone, download ZIP, or use git-lfs for model weights where relevant.",From earlier manual/source-dump repo/model list,https://huggingface.co/yang-ai-lab/SleepLM-Base
34,repo/model,LaBraM,GitHub,935963004,LaBraM,https://github.com/935963004/LaBraM,https://github.com/935963004/LaBraM,Claude Science | Claude,cloud_science_repo_model_links.csv | eno_master_sources.md,Foundation (self-supervised),"Open GitHub/Hugging Face and clone, download ZIP, or use git-lfs for model weights where relevant.","Extracted from Claude master sources | Open GitHub and use Code → Download ZIP, or clone the repository.","Top choice: fine-tune on a small depression cohort; handles arbitrary montages | - **LaBraM (Jiang et al., ICLR 2024)** — EEG foundation model, **MIT**. **[REF, commercial-OK]** https://arxiv.org/abs/2405.18765 · https://github.com/935963004/LaBraM"
35,repo/model,LaBraM**,GitHub,935963004,LaBraM**,https://github.com/935963004/LaBraM**,https://github.com/935963004/LaBraM**,Claude Science,open_source_eeg_models (1).md,,"Open GitHub/Hugging Face and clone, download ZIP, or use git-lfs for model weights where relevant.",Extracted from Claude Science markdown,→ **https://github.com/935963004/LaBraM** (also loadable via braindecode + HuggingFace weights)
36,repo/model,NeuroLM,GitHub,935963004,NeuroLM,https://github.com/935963004/NeuroLM,https://github.com/935963004/NeuroLM,Claude Science | Claude,cloud_science_repo_model_links.csv | eno_master_sources.md,Foundation (multimodal LLM),"Open GitHub/Hugging Face and clone, download ZIP, or use git-lfs for model weights where relevant.","Extracted from Claude master sources | Open GitHub and use Code → Download ZIP, or clone the repository.","Frontier / multi-task; heavier, more experimental | - **NeuroLM (ICLR 2025)** — multitask EEG+language, **MIT** *(ICLR, not NeurIPS)*. **[REF]** https://arxiv.org/abs/2409.00101 · https://github.com/935963004/NeuroLM"
37,repo/model,NeuroLM**,GitHub,935963004,NeuroLM**,https://github.com/935963004/NeuroLM**,https://github.com/935963004/NeuroLM**,Claude Science,open_source_eeg_models (1).md,,"Open GitHub/Hugging Face and clone, download ZIP, or use git-lfs for model weights where relevant.",Extracted from Claude Science markdown,→ **https://github.com/935963004/NeuroLM**
38,repo/model,ATCNet,GitHub,Altaheri,EEG-ATCNet,https://github.com/Altaheri/EEG-ATCNet,https://github.com/Altaheri/EEG-ATCNet,Claude Science,cloud_science_repo_model_links.csv,Supervised attention+TCN,"Open GitHub/Hugging Face and clone, download ZIP, or use git-lfs for model weights where relevant.","Open GitHub and use Code → Download ZIP, or clone the repository.",High-accuracy supervised backbone; Keras/TF
39,repo/model,EEG-ATCNet**,GitHub,Altaheri,EEG-ATCNet**,https://github.com/Altaheri/EEG-ATCNet**,https://github.com/Altaheri/EEG-ATCNet**,Claude Science,open_source_eeg_models (1).md,,"Open GitHub/Hugging Face and clone, download ZIP, or use git-lfs for model weights where relevant.",Extracted from Claude Science markdown,→ **https://github.com/Altaheri/EEG-ATCNet**
40,repo/model,EEGPT**,GitHub,BINE022,EEGPT**,https://github.com/BINE022/EEGPT**,https://github.com/BINE022/EEGPT**,Claude Science,open_source_eeg_models (1).md,,"Open GitHub/Hugging Face and clone, download ZIP, or use git-lfs for model weights where relevant.",Extracted from Claude Science markdown,→ **https://github.com/BINE022/EEGPT**
41,repo/model,ShallowConvNet / DeepConvNet (braindecode),GitHub,braindecode,braindecode,https://github.com/braindecode/braindecode,https://github.com/braindecode/braindecode,Claude Science,cloud_science_repo_model_links.csv,Supervised CNN,"Open GitHub/Hugging Face and clone, download ZIP, or use git-lfs for model weights where relevant.","Open GitHub and use Code → Download ZIP, or clone the repository.",Baseline #2: strong oscillatory-feature decoders; in a maintained library
42,repo/model,braindecode**,GitHub,braindecode,braindecode**,https://github.com/braindecode/braindecode**,https://github.com/braindecode/braindecode**,Claude Science,open_source_eeg_models (1).md,,"Open GitHub/Hugging Face and clone, download ZIP, or use git-lfs for model weights where relevant.",Extracted from Claude Science markdown,→ **https://github.com/braindecode/braindecode** (the maintained home of these models) | → **https://github.com/braindecode/braindecode**
43,repo/model,EEG Conformer,GitHub,eeyhsong,EEG-Conformer,https://github.com/eeyhsong/EEG-Conformer,https://github.com/eeyhsong/EEG-Conformer,Claude Science,cloud_science_repo_model_links.csv,Supervised CNN+Transformer,"Open GitHub/Hugging Face and clone, download ZIP, or use git-lfs for model weights where relevant.","Open GitHub and use Code → Download ZIP, or clone the repository.",When you want attention/interpretability on modest data
44,repo/model,EEG-Conformer**,GitHub,eeyhsong,EEG-Conformer**,https://github.com/eeyhsong/EEG-Conformer**,https://github.com/eeyhsong/EEG-Conformer**,Claude Science,open_source_eeg_models (1).md,,"Open GitHub/Hugging Face and clone, download ZIP, or use git-lfs for model weights where relevant.",Extracted from Claude Science markdown,→ **https://github.com/eeyhsong/EEG-Conformer**
45,repo/model,EEG-Inception,GitHub,esantamariavazquez,EEG-Inception,https://github.com/esantamariavazquez/EEG-Inception,https://github.com/esantamariavazquez/EEG-Inception,Claude Science,cloud_science_repo_model_links.csv,Supervised CNN (ERP),"Open GitHub/Hugging Face and clone, download ZIP, or use git-lfs for model weights where relevant.","Open GitHub and use Code → Download ZIP, or clone the repository.",If you use ERP/P300 paradigms
46,repo/model,EEG-Inception**,GitHub,esantamariavazquez,EEG-Inception**,https://github.com/esantamariavazquez/EEG-Inception**,https://github.com/esantamariavazquez/EEG-Inception**,Claude Science,open_source_eeg_models (1).md,,"Open GitHub/Hugging Face and clone, download ZIP, or use git-lfs for model weights where relevant.",Extracted from Claude Science markdown,→ **https://github.com/esantamariavazquez/EEG-Inception**
47,repo/model,MNE-Python,GitHub,mne-tools,mne-python,https://github.com/mne-tools/mne-python,https://github.com/mne-tools/mne-python,Claude Science | Claude,cloud_science_repo_model_links.csv | eno_master_sources.md,Library (preprocessing),"Open GitHub/Hugging Face and clone, download ZIP, or use git-lfs for model weights where relevant.","Extracted from Claude master sources | Open GitHub and use Code → Download ZIP, or clone the repository.",Preprocessing layer feeding any model above | - **MNE-Python** (BSD) — https://mne.tools · https://github.com/mne-tools/mne-python
48,repo/model,mne-python**,GitHub,mne-tools,mne-python**,https://github.com/mne-tools/mne-python**,https://github.com/mne-tools/mne-python**,Claude Science,open_source_eeg_models (1).md,,"Open GitHub/Hugging Face and clone, download ZIP, or use git-lfs for model weights where relevant.",Extracted from Claude Science markdown,→ **https://github.com/mne-tools/mne-python**
49,repo/model,MOABB,GitHub,NeuroTechX,moabb,https://github.com/NeuroTechX/moabb,https://github.com/NeuroTechX/moabb,Claude Science,cloud_science_repo_model_links.csv,Benchmark / library,"Open GitHub/Hugging Face and clone, download ZIP, or use git-lfs for model weights where relevant.","Open GitHub and use Code → Download ZIP, or clone the repository.","Evaluate your decoder honestly (cross-subject, reproducible)"
50,repo/model,moabb**,GitHub,NeuroTechX,moabb**,https://github.com/NeuroTechX/moabb**,https://github.com/NeuroTechX/moabb**,Claude Science,open_source_eeg_models (1).md,,"Open GitHub/Hugging Face and clone, download ZIP, or use git-lfs for model weights where relevant.",Extracted from Claude Science markdown,→ **https://github.com/NeuroTechX/moabb**
51,repo/model,BENDR,GitHub,SPOClab-ca,BENDR,https://github.com/SPOClab-ca/BENDR,https://github.com/SPOClab-ca/BENDR,Claude Science | Claude,cloud_science_repo_model_links.csv | eno_master_sources.md,Foundation (self-supervised),"Open GitHub/Hugging Face and clone, download ZIP, or use git-lfs for model weights where relevant.","Extracted from Claude master sources | Open GitHub and use Code → Download ZIP, or clone the repository.","Historical anchor; transfer learning baseline | - **BENDR (Kostas et al. 2021)** — SSL EEG model; **no explicit license** (treat as all-rights-reserved). **[REF, license caution]** https://arxiv.org/abs/2101.12037 · https://github.com/SPOClab-ca/BENDR"
52,repo/model,BENDR**,GitHub,SPOClab-ca,BENDR**,https://github.com/SPOClab-ca/BENDR**,https://github.com/SPOClab-ca/BENDR**,Claude Science,open_source_eeg_models (1).md,,"Open GitHub/Hugging Face and clone, download ZIP, or use git-lfs for model weights where relevant.",Extracted from Claude Science markdown,→ **https://github.com/SPOClab-ca/BENDR**
53,repo/model,TorchEEG,GitHub,torcheeg,torcheeg,https://github.com/torcheeg/torcheeg,https://github.com/torcheeg/torcheeg,Claude Science,cloud_science_repo_model_links.csv,Library (PyTorch),"Open GitHub/Hugging Face and clone, download ZIP, or use git-lfs for model weights where relevant.","Open GitHub and use Code → Download ZIP, or clone the repository.",Fast pipelines for emotion/affect datasets (DEAP/SEED/DREAMER)
54,repo/model,torcheeg**,GitHub,torcheeg,torcheeg**,https://github.com/torcheeg/torcheeg**,https://github.com/torcheeg/torcheeg**,Claude Science,open_source_eeg_models (1).md,,"Open GitHub/Hugging Face and clone, download ZIP, or use git-lfs for model weights where relevant.",Extracted from Claude Science markdown,→ **https://github.com/torcheeg/torcheeg**
55,repo/model,EEGNet,GitHub,vlawhern,arl-eegmodels,https://github.com/vlawhern/arl-eegmodels,https://github.com/vlawhern/arl-eegmodels,Claude Science,cloud_science_repo_model_links.csv,Supervised CNN (compact),"Open GitHub/Hugging Face and clone, download ZIP, or use git-lfs for model weights where relevant.","Open GitHub and use Code → Download ZIP, or clone the repository.","Baseline #1: fast, few params, ideal for small clinical/wearable data"
56,repo/model,arl-eegmodels**,GitHub,vlawhern,arl-eegmodels**,https://github.com/vlawhern/arl-eegmodels**,https://github.com/vlawhern/arl-eegmodels**,Claude Science,open_source_eeg_models (1).md,,"Open GitHub/Hugging Face and clone, download ZIP, or use git-lfs for model weights where relevant.",Extracted from Claude Science markdown,"→ **https://github.com/vlawhern/arl-eegmodels** (official, Keras/TF; PyTorch versions in braindecode)"
57,repo/model,Neuro-GPT,GitHub,wenhui0206,NeuroGPT,https://github.com/wenhui0206/NeuroGPT,https://github.com/wenhui0206/NeuroGPT,Claude Science,cloud_science_repo_model_links.csv,Foundation (generative SSL),"Open GitHub/Hugging Face and clone, download ZIP, or use git-lfs for model weights where relevant.","Open GitHub and use Code → Download ZIP, or clone the repository.",Data-efficient fine-tuning; generative pretraining route
58,repo/model,NeuroGPT**,GitHub,wenhui0206,NeuroGPT**,https://github.com/wenhui0206/NeuroGPT**,https://github.com/wenhui0206/NeuroGPT**,Claude Science,open_source_eeg_models (1).md,,"Open GitHub/Hugging Face and clone, download ZIP, or use git-lfs for model weights where relevant.",Extracted from Claude Science markdown,→ **https://github.com/wenhui0206/NeuroGPT**
59,repo/model,CBraMod,GitHub,wjq-learning,CBraMod,https://github.com/wjq-learning/CBraMod,https://github.com/wjq-learning/CBraMod,Claude Science,cloud_science_repo_model_links.csv,Foundation (self-supervised),"Open GitHub/Hugging Face and clone, download ZIP, or use git-lfs for model weights where relevant.","Open GitHub and use Code → Download ZIP, or clone the repository.",SOTA on 10+ BCI tasks; good when montage/format varies a lot
60,repo/model,CBraMod**,GitHub,wjq-learning,CBraMod**,https://github.com/wjq-learning/CBraMod**,https://github.com/wjq-learning/CBraMod**,Claude Science,open_source_eeg_models (1).md,,"Open GitHub/Hugging Face and clone, download ZIP, or use git-lfs for model weights where relevant.",Extracted from Claude Science markdown,→ **https://github.com/wjq-learning/CBraMod**
61,repo/model,BIOT,GitHub,ycq091044,BIOT,https://github.com/ycq091044/BIOT,https://github.com/ycq091044/BIOT,Claude Science,cloud_science_repo_model_links.csv,Foundation (self-supervised),"Open GitHub/Hugging Face and clone, download ZIP, or use git-lfs for model weights where relevant.","Open GitHub and use Code → Download ZIP, or clone the repository.",Robust to messy/wearable montages & missing channels; cross-biosignal (EEG/ECG)
62,repo/model,BIOT**,GitHub,ycq091044,BIOT**,https://github.com/ycq091044/BIOT**,https://github.com/ycq091044/BIOT**,Claude Science,open_source_eeg_models (1).md,,"Open GitHub/Hugging Face and clone, download ZIP, or use git-lfs for model weights where relevant.",Extracted from Claude Science markdown,→ **https://github.com/ycq091044/BIOT**
63,repo/model,TSception,GitHub,yi-ding-cs,TSception,https://github.com/yi-ding-cs/TSception,https://github.com/yi-ding-cs/TSception,Claude Science,cloud_science_repo_model_links.csv,Supervised CNN (affective),"Open GitHub/Hugging Face and clone, download ZIP, or use git-lfs for model weights where relevant.","Open GitHub and use Code → Download ZIP, or clone the repository.",Directly relevant to emotion/affect decoding (DEAP/SEED)
64,repo/model,TSception**,GitHub,yi-ding-cs,TSception**,https://github.com/yi-ding-cs/TSception**,https://github.com/yi-ding-cs/TSception**,Claude Science,open_source_eeg_models (1).md,,"Open GitHub/Hugging Face and clone, download ZIP, or use git-lfs for model weights where relevant.",Extracted from Claude Science markdown,→ **https://github.com/yi-ding-cs/TSception**
65,repo/model,EEG-FM-Benchmark,GitHub,Dingkun0817,EEG-FM-Benchmark,https://github.com/Dingkun0817/EEG-FM-Benchmark,https://github.com/Dingkun0817/EEG-FM-Benchmark,Claude,eno_master_sources.md,,"Open GitHub/Hugging Face and clone, download ZIP, or use git-lfs for model weights where relevant.",Extracted from Claude master sources,- **EEG-FM-Bench 2025** — independent cross-dataset benchmark. **[REF]** https://arxiv.org/abs/2508.17742 · https://github.com/Dingkun0817/EEG-FM-Benchmark
66,repo/model,brainflow,GitHub,topics,brainflow,https://github.com/topics/brainflow,https://github.com/topics/brainflow,Claude,eno_master_sources.md,,"Open GitHub/Hugging Face and clone, download ZIP, or use git-lfs for model weights where relevant.",Extracted from Claude master sources,- **BrainFlow** — https://brainflow.org · https://github.com/topics/brainflow
67,repo/model,Brant,GitHub,yzz673,Brant,https://github.com/yzz673/Brant,https://github.com/yzz673/Brant,Claude,eno_master_sources.md,,"Open GitHub/Hugging Face and clone, download ZIP, or use git-lfs for model weights where relevant.",Extracted from Claude master sources,"- **Brant (Zhang et al., NeurIPS 2023)** — intracranial (iEEG/SEEG) FM, Apache-2.0. **[REF]** https://github.com/yzz673/Brant"
68,repo/model,reve-base,Hugging Face,brain-bzh,reve-base,https://huggingface.co/brain-bzh/reve-base,https://huggingface.co/brain-bzh/reve-base,Claude,eno_master_sources.md,,"Open GitHub/Hugging Face and clone, download ZIP, or use git-lfs for model weights where relevant.",Extracted from Claude master sources,- **REVE 2025** — largest EEG pretraining (~60k hrs); author-reported gains. **[EMERGING]** https://arxiv.org/abs/2510.21585 · https://huggingface.co/brain-bzh/reve-base
69,repo/model,CBraMod,Hugging Face,braindecode,CBraMod,https://huggingface.co/braindecode/CBraMod,https://huggingface.co/braindecode/CBraMod,Claude,eno_master_sources.md,,"Open GitHub/Hugging Face and clone, download ZIP, or use git-lfs for model weights where relevant.",Extracted from Claude master sources,"- **CBraMod (ICLR 2025)** — EEG FM, **MIT**. **[REF]** https://arxiv.org/abs/2412.07236 · https://huggingface.co/braindecode/CBraMod"
